SchoolName,URL
Abbey Primary School,http://abbey-primary.j2bloggy.com/
Aberbargoed Primary School,https://www.aberbargoedprimary.wales/
Abercanaid Community,https://sites.google.com/abercanaid.merthyr.sch.uk/abercanaidcommunityschool/
Abercarn Primary School,https://abercarnprimary.com/
Abercerdin Primary School,https://www.abercerdinprimaryschool.co.uk/
Abercynon Primary,https://www.abercynonprimary.org/
Aberdare Community School,https://www.aberdareschool.com/
Aberdare Park Primary,https://sites.google.com/hwbcymru.net/aberdareparkprimaryschool/
Aberdare Town C In W Primary,https://aberdare-town-ciw-primary-school.j2bloggy.com/
Abergwili Voluntary Controlled Primary School,http://www.abergwili.amdro.org.uk/
Abermorddu Cp School,https://www.abermordduprimaryschool.co.uk/
Abermorddu Cp School,https://www.cefnllys.powys.sch.uk/
Abermorddu Cp School,https://www.dolau.powys.sch.uk/
Abermule Primary School,https://www.abermuleschool.co.uk/
Abernant County Primary,http://www.abernant.amdro.org.uk/
Abernant County Primary,https://www.abernantprimaryschool.co.uk/
Abersychan Comprehensive,https://www.abersychan.org.uk/
Abertillery Learning Community,https://www.abertillery3-16.co.uk/
Acton Primary,https://www.actonpark-pri.wrexham.sch.uk/
Adamsdown Primary,https://www.adamsdownprimarycardiff.co.uk/
Afon Taf High School,https://www.afontaf.merthyr.sch.uk/
Afon Y Felin Primary School,http://www.afonyfelinprimary.co.uk
Afon Y Felin Primary School,https://ysgol-frenni.j2bloggy.com/blog/welcome-just2easy/
Alaw Primary School,https://www.alawprimaryschool.co.uk/
Alaw Primary School,https://www.trealawprimary.cymru/
Albany Primary School,https://www.albanyprm.co.uk/
Albert Primary School,https://www.albertprimary.co.uk/
Alderman Davies CIW Primary School,https://alderman-davies-ciw-primary-school.j2bloggy.com/
Alexandra C P School,https://www.alexandraprimary.co.uk/
All Saints C/W Primary,https://www.gresfordallsaints.co.uk/
All Saints Cw Primary School,https://www.allsaintspsbarry.com/
All Saints R.C. Primary School,https://www.allsaintsrcprimary.co.uk/
Allensbank Primary School,http://www.allensbankprm.cardiff.sch.uk/
Alltwen Primary School,https://alltwen-primary-school.j2bloggy.com/
Alun School,http://www.alunschool.co.uk/
Alway Primary School,https://www.alwayprimaryschool.co.uk/
Archbishop McGrath Catholic High School,https://holy-name-catholic-primary-school.j2bloggy.com/
Archbishop Rowan Williams VA,https://www.arwprimaryschool.co.uk/
Archdeacon Griffiths C.I.W. Primary School,http://www.llyswenva.powys.sch.uk/
Archdeacon John Lewis C In W,https://www.stjohnscollegecardiff.com/
Arddleen C.P. School,https://www.arddleen.powys.sch.uk/
Argoed High School,https://www.argoedhs.co.uk/
Awel Y Mor Primary School,https://awel-y-mor-primary-school.j2bloggy.com/
Baden Powell Primary School,https://www.badenpowell-cardiff.co.uk/
Baglan Primary School,https://baglan-primary-school.j2bloggy.com/
Bancyfelin C.P. School,http://www.bancyfelin.amdro.org.uk/
Barker's Lane Cp,http://www.barkerslaneprimary.co.uk
Barry Island Primary School,https://www.barryislandprimary.com/
Bassaleg School,https://www.bassalegschool.com/
Beaufort Hill Primary,https://www.beauforthillprimary.com/
Bedlinog Community Primary School,https://www.bedlinogprimary.wales/
Bedwas High School,https://www.bedwashigh.org/
Bedwas Infants,https://www.bedwasinfants.com/
Bedwas Junior,https://www.bedwasrhydri.school/bedwasjunior
Berriew C.P. School,https://www.berriewschool.uk/
Betws Primary School,https://www.betwsprimaryschool.co.uk/
Bigyn C.P. School,https://www.bigynprimary.co.uk/
Birchgrove Primary School,https://www.birchgroveswansea.co.uk/
Birchgrove Primary,https://www.birchgrovecardiff.co.uk/
Birchgrove,https://www.birchgrovecomp.co.uk/
Bishop Childs C/W Primary,https://www.bishopchildsprm.co.uk/
Bishop Gore School,https://www.bishopgore.net/
Bishop Vaughan School,https://www.bishopvaughan.co.uk/
Bishopston Comprehensive,https://www.bishopstonschool.com/
Bishopston Primary School,https://bishopstonprimaryschool.wales/
Black Lane C P School,https://blacklaneschool.co.uk/
Blackwood Comprehensive School,https://www.blackwood.caerphilly.sch.uk/
Blackwood Primary,https://www.blackwoodprimary.org/
Blaen-y-Cwm Primary School,https://blaen-y-cwm-primary-school.j2webby.com/
Blaenavon Heritage Vc Primary School,https://bhvcprimary.com/
Blaenbaglan Primary School,https://blaenbaglan-primary-school.j2bloggy.com/
Blaendulais Primary School,http://blaendulais-primary-school.j2bloggy.com/
Blaengarw Primary,https://www.blaengarwprimary.co.uk/
Blaengwawr Primary,https://www.blaengwawrprimary.co.uk/
Blaengwrach Primary School,https://blaengwrach-primary-school.j2bloggy.com/
Blaenhonddan Primary School,http://blaenhonddan-primary-school.j2bloggy.com/
Blaenymaes Primary School,http://blaenymaes.j2webby.com/
Blenheim Road Community Primary School,https://federationbrce.com/brcp/
Blessed Carlo Acutis Catholic School,https://bcacs.merthyr.sch.uk/
Bodnant Community Primary School,https://www.ysgolbodnant.co.uk/
Bodringallt Primary School.,https://www.bodringalltprimaryschool.co.uk/
Borderbrook School,https://www.borderbrook-pri.wrexham.sch.uk/
Borras Park Community Primary School,http://www.borraspark-pri.wrexham.sch.uk/
Brackla Primary School,https://www.bracklaprimary.co.uk/
Brecon High School,https://www.brecon-hs.powys.sch.uk/
Broad Haven Cp School,https://broadhavenschool.uk/
Bronington Church In Wales V.A,https://www.broningtonvapschool.org/
Broughton Primary School,https://www.broughton-primary.co.uk/
Brymbo Aided (St. Mary's),https://stmarysbrymbo.co.uk/
Bryn Awel Primary School,https://www.brynawelprimary.co.uk/
Bryn Celyn Primary School,https://www.bryncelynprimary.co.uk/
Bryn Deri Primary,https://www.brynderiprimaryschool.co.uk/
Bryn Garth Cp,https://www.ysgolbryngarth.com/
Bryn Hafod Primary School,https://www.brynhafodprm.co.uk/
Bryn Pennant Cp,http://www.ysgolbrynpennant.com/
Bryn Primary,https://www.brynprimaryschool.co.uk/
Brynaman Primary School,http://www.brynaman.amdro.org.uk/
Bryncelynnog Comprehensive School,https://bryncelynnog.org.uk/
Bryncethin Primary,https://www.bryncethinprimary.com/
Bryncoch CIW Primary School,https://www.bryncochciw.co.uk/
Brynford Cp,https://ysgolbrynffordd.cymru/
Bryngwyn School,http://www.bryngwynschool.co.uk/
Brynhafren C.P. School,https://brynhafren.weebly.com/
Brynhyfryd Primary School,http://brynhyfryd-primary.j2bloggy.com/
Brynmawr Foundation School,https://www.brynmawrfoundationschool.co.uk/
Brynmenyn Primary,https://www.brynmenynprimaryschool.co.uk/
Brynmill School,https://brynmill-primary-school1.j2bloggy.com/
Brynnau Primary,https://brynnau-primary-school.j2bloggy.com/
Brynteg School,https://www.brynteg-pri.wrexham.sch.uk/
Bryntirion Comprehensive.,http://www.bryntirioncs.bridgend.sch.uk/
Bryntirion Infants,https://www.bryntirioninfantsschool.co.uk/
Builth Wells C.P. School,http://www.builth.powys.sch.uk/
Burlais Primary School,https://www.burlaisprimaryschool.co.uk/
Burry Port Community Primary School,https://www.burryportprimary.org.uk/
Buttington Trewern C.P. School,http://www.trewern.powys.sch.uk/
Bwlchgwyn School,https://www.bwlchgwyn-school.co.uk/
Cadle Primary School,https://www.cadleprimaryschool.co.uk/
Cadoxton Primary School,https://www.cadoxtonprimaryschool.com/
Cae'r Felin Community School,http://www.caerfelin.amdro.org.uk/
Caedraw Primary,https://sites.google.com/a/vle.caedraw.merthyr.sch.uk/caedraw-primary-school
Caegarw Primary School,https://caegarwprimary.uk/
Caerau Primary School,https://www.caerauprimary.co.uk/
Caerleon Comprehensive School,https://www.caerleoncomprehensive.net/
Caerleon Lodge Hill Primary,http://www.caerleonlodgehillprimary.org
Caersws C.P. School,http://ysgolcaerswsschool.weebly.com/
Caldicot School,https://www.caldicotschool.com/
Canolfan Addysg Y Bont,http://www.canolfanaddysgybont.cymru/
Cantonian High School,https://www.cantonian.org/
Cantref Primary,https://cantrefprimaryschool.co.uk/
Capcoch Primary School,https://www.capcochprimary.co.uk/
Caradog Primary School,https://www.caradogprimary.co.uk/
Cardiff High School,http://www.cardiffhigh.cardiff.sch.uk
Cardinal Newman R.C.,https://www.cardinalnewman.co.uk/
Carreghofa C.P. School,https://www.carreghofaprimary.co.uk/
Carway C.P. School,http://www.cgp.amdro.org.uk/
Casllwchwr Primary School,https://www.casllwchwrprimary.com/
Castell Alun High School,https://castellalun.com/
Castle Park Primary School,https://www.castleparkprimary.co.uk/
Cathays High School,https://www.cathayshigh.co.uk/
Catwg Primary School,http://catwg-primary-school.j2bloggy.com/
Cefn Cribwr Primary School,https://sites.google.com/hwbcymru.net/cefncribwrprimaryschool
Cefn Fforest Primary,https://www.cefnfforestprimary.co.uk/
Cefn Glas Infants,https://www.cefnglasinfantschool.co.uk/
Cefn Hengoed,http://www.cefnhengoed.net/
Cefn Mawr C P School,https://www.cefnmawr-pri.wrexham.sch.uk/
Cefn Primary School,https://www.fernfederation.co.uk/topic/cefn-primary-school
Cefn Saeson Comprehensive School,https://cefnsaeson.school/
Cefneithin C.P.,http://www.cefneithin.amdro.org.uk/
Central Primary School,https://centralprimary.j2bloggy.com/
Chepstow Comprehensive School,https://www.chepstowschool.net/
Christ Church Primary School,https://www.christchurchcpschool.co.uk/
Christ The King Primary School,https://www.christthekingcathprm.co.uk/
Christ The Word Catholic School,https://www.christtheword.co.uk/
Christchurch Church In Wales,https://www.christchurchpri.co.uk/
Churchstoke C.P. School,https://churchstokecpschool.wordpress.com/
Cila Primary School,https://www.cilaprimarysch.co.uk/
Cilffriw Primary School,https://cilffriw-primary-school.j2bloggy.com/
Cilfynydd Primary,https://www.cilfynyddprimary.co.uk/
Clase Primary School,https://www.claseprimaryschool.co.uk/
Cleddau Reach Vc School,https://www.cleddaureachschool.org.uk/
Clwyd Primary School,https://www.clwydprimary.co.uk/
Clydach Primary School,https://www.clydachprimaryschool.co.uk/
Clyro C.I.W. School,https://www.clyro.powys.sch.uk/
Clytha Primary School,https://www.clythaprimary.co.uk/
Coastlands Cp School,https://coastlandscpschool.co.uk/
Coed Eva Primary School,https://federationbrce.com/cep/
Coed Glas C P School,https://www.coedglasprimary.co.uk/
Coed Hirwaun Primary School,https://coed-hirwaun-primary-school.j2bloggy.com/
Coed Y Garn Primary School,https://www.coed-y-garnprimary.co.uk/
Coed-Y-Brain Primary,https://www.coedybrainprimaryschool.co.uk/
Coedcae School,https://www.coedcae.org.uk/
Coedffranc Primary School,http://coedffranc-primary-school.j2bloggy.com/
Coedylan Primary School,http://coedylanprimary.co.uk/
Coety Primary School,https://www.coetyprimaryschool.co.uk/
Cogan Primary School,http://www.coganprimary.ik.org/
Colcot Primary School,http://www.colcotprimaryschool.com/
Coleg Cymunedol Y Dderwen,https://www.ccyd.co.uk/
Connah's Quay High School,https://cqhs.org.uk/
Corneli Primary,https://www.corneliprimary.com/
Corneli Primary,https://www.yferchorsger.co.uk/
Cornist Park Cp,https://www.cornistparkcp.co.uk/
Corpus Christi Catholic High School,https://www.corpuschristihs.co.uk/
Coryton Primary,https://www.corytonprmsch.co.uk/
Cowbridge School,https://www.cowbridgecomprehensiveschool.co.uk/
Coychurch Llangrallo Primary,https://www.coychurchprimary.co.uk/
Cradoc C.P. School,http://www.cradoc.powys.sch.uk/
Craig Yr Hesg Primary School,https://www.fernfederation.co.uk/topic/craig-yr-hesg-primary-school
Craigfelen Primary School,https://craigfelenprimary.weebly.com/
Creigiau Primary School,https://www.creigiauprm.cardiff.sch.uk/
Creunant Primary School,http://creunant-primary-school.j2bloggy.com/
Crickhowell C.P. School,https://www.crickhowell.powys.sch.uk/
Crindau Primary School,http://www.crindauprimaryschool.co.uk
Croeserw Primary School,http://croeserw-primary-school.j2bloggy.com/
Croesty Primary School,https://www.croestyprimaryschool.co.uk/
Croesyceiliog Primary School,https://www.croesyceiliogprimary.co.uk/
Croesyceiliog School,https://www.croesyceiliog.org.uk/
Cross Ash County Primary School,https://www.crossashprimary.co.uk/
Cross Hands C.P. School,http://www.crosshands.amdro.org.uk/
Crossgates C.P. School,http://www.crossgates.powys.sch.uk/
Crownbridge Special School,https://www.crownbridgeschool.co.uk/
Crumlin High Level Primary,https://www.crumlinhighlevelprimary.net/
Crwys Primary School,http://www.crwysprimary.co.uk/
Crymlyn Primary School,http://crymlyn-primary-school.j2bloggy.com/
Crynallt Primary School,https://crynallt-primary-school.j2bloggy.com/
Cwm Primary School,http://cwmdarprimary.co.uk/
Cwmaber Infants School,https://www.cwmaberinfants.com/
Cwmaber Junior School,https://sites.google.com/cwmaberjunior.co.uk/website/home
Cwmafan Primary School,http://cwmafan-primary-school.j2bloggy.com/
Cwmaman Primary,https://www.cwmamanpri.uk/
Cwmbach Community Primary,https://cwmbachprimary.cymru/
Cwmbran High School,http://www.cwmbranhighschool.co.uk/
Cwmcarn Primary School,https://www.cwmcarnprimary.co.uk/
Cwmclydach Community Primary School,https://sites.google.com/hwbcymru.net/cwmclydach-primary-school/
Cwmfelin Primary School,https://www.cwmfelinprimary.co.uk/
Cwmfelinfach Primary,http://www.cwmfelinfachprimary.co.uk/
Cwmffrwdoer Primary,https://www.cwmffrwdoerprimary.co.uk/
Cwmglas Primary School,https://www.cwmglasprimaryschool.org/
Cwmlai Primary,https://www.cwmlaiprimary.co.uk/
Cwmnedd Primary School,https://cwmnedd.j2bloggy.com/
Cwmrhydyceirw Primary School,https://cwmrhydyceirw-primary-school1.j2bloggy.com/
Cwmtawe Community School,https://www.cwmtawe.org/
Cwrt Henri Primary School,http://www.cwrthenri.amdro.org.uk/
Cwrt Rawlin Primary School,https://www.cwrtrawlinprimary.co.uk/
Cyfarthfa High School,https://cyfarthfahigh.merthyr.sch.uk/
Cyfarthfa Park Primary School,https://sites.google.com/cyfarthfapark-pri.merthyr.sch.uk/cyfarthfa-park-primary-school
Cymer Afan Primary School,http://cymer-afan-primary-school.j2bloggy.com/
Cymmer Primary School,https://www.cymmerprimaryschool.co.uk/
Cynffig Comprehensive,https://sites.google.com/hwbcymru.net/cynffig
Cynwyl Elfed School,http://www.cynwylelfed.amdro.org.uk/
Dafen Primary School,http://www.dafen.amdro.org.uk/
Danescourt Primary,http://www.danescourtprm.cardiff.sch.uk/
Danygraig Primary School,https://danygraig-primary-school1.j2bloggy.com/
Darland High School,https://darland.wrexham.sch.uk/
Darran Park Primary,https://www.darranparkprimary.com/
Darrenlas Primary School,https://www.darrenlasprimary.co.uk/
Deighton Primary School,https://deighton-primary-school.j2bloggy.com/
Denbigh High School,https://denbighhighschool.co.uk/
Deri Primary School,https://www.deriprimaryschool.com/
Derwen Foundation School,http://www.derwenprimaryschool.com/
Derwendeg Primary School,https://derwendegprimary.co.uk/
Dewstow,http://dewstowprimary.org.uk/
Dinas Powys Primary School,https://www.dinaspowysps.co.uk/
Dolau Primary,https://www.dolauprimary.org.uk/
Dowlais Primary School,https://sites.google.com/a/dowlais.merthyr.sch.uk/dowlais-primary/
Drury Primary School,https://www.druryprimary.co.uk/
Dunvant Primary School,https://www.dunvantprimary.org.uk/
Durand Primary School,http://www.durand.wales/
Dwr Y Felin Comprehensive School,https://dwryfelinschool.org/
Dyffryn Taf,https://www.dyffryntaf.org/
Dylan Thomas Community School,http://www.dylanthomas.school/
Eastern High,http://easternhigh.cardiff.sch.uk
Eastern High,https://www.easternprimary.co.uk/
Eastern Primary School,http://easternhigh.cardiff.sch.uk
Ebbw Fawr Learning Community,https://www.ebbwfawr.co.uk/secondary/
Edwardsville Primary School,https://www.edwardsvilleprimary.co.uk/
Eirias High School,http://www.eirias.cymru/
Elfed High School,https://www.elfedhs.co.uk/
Ely And Caerau Children's Centre,https://elyandcaerauchildrenscentre.co.uk/
Evenlode Primary School,https://www.evenlodeschoolpenarth.co.uk/
Eveswell Primary School,http://eveswellandsomertonschoolspartnership.co.uk/
Ewloe Green,https://www.ewloegreen.co.uk/
Eyton Primary School,https://eytonprimary.co.uk/
Fairfield Primary School,http://www.fairfieldpenarth.co.uk/
Fairwater Primary School,https://fairwaterprm.cardiff.sch.uk/
Fenton Community Primary School,https://www.fentonprimary.co.uk/
Ferndale Community School,https://www.ferndalecs.com/
Ferryside V.C.P. School,http://www.ferryside.amdro.org.uk/
Ffaldau,http://www.ffaldauprimary.com/
Ffynnon Taf Primary School,https://www.ffynnontafprimary.co.uk/
Fitzalan High School, http://www.fitzalan.cardiff.sch.uk
Fleur-De-Lys Primary,https://sites.google.com/fleurdelisprimary.net/website/fleur-de-lys-primary
Flint High School,https://www.flinthighschool.wales/
Fochriw Primary,https://www.fochriwprimary.co.uk/
Forden C.I.W. School,http://www.forden.powys.sch.uk/
Franksbridge C.P. School,http://www.franksbridge.powys.sch.uk/
Froncysyllte,https://sites.google.com/hwbcymru.net/thedeevalleyfederation/our-schools/ysgol-froncysyllte
Frongoch Juniors,https://www.ysgolfrongoch.com/
Gabalfa Primary,https://www.gabalfaprm.co.uk/
Gaer Primary School,https://www.gaerprimary.co.uk/
Garnteg Primary,https://www.garntegprimary.co.uk/
Garth Primary School,https://www.garthprimary.co.uk/
Gelli Aur/Golden Grove,https://ysgol-gelli-aurgolden-grove.j2bloggy.com/
Gelli Primary School,https://gelliprimaryschool.org.uk/
Gellifaelog Primary School,https://sites.google.com/gellifaelog.merthyr.sch.uk/gellifaelog-primary-school/home-page
Gelliswick Church in Wales Voluntary Controlled Primary School,https://www.gelliswickschool.co.uk/
Gendros Primary School,https://www.gendrosprimary.com/
George Street Primary School,https://www.georgestreetprimary.co.uk/
Georgetown Junior And Infants,https://www.georgetownprimary.co.uk/
Gilfach Fargoed Primary,https://gilfach-fargoed-primary-school.j2bloggy.com/
Gilwern Primary School,https://www.gilwernprimaryschool.org/
Gladestry C.I.W. School,http://www.gladestry.powys.sch.uk/
Gladstone Primary School,https://www.gladstoneprimaryschool.co.uk/
Glais Primary School,https://www.glais.swansea.sch.uk/
Glan Llyn Primary School,http://www.glan-hafren.ac.uk/
Glan Usk Primary,http://glanuskprimary.co.uk/
Glan Yr Afon Primary School,https://www.glanyrafonprimary.com/
Glan-y-Mor School,https://glanymorschool.co.uk/
Glanhowy Primary School,https://www.glanhowy.co.uk/
Glasllwch Primary School,https://www.glasllwch.org.uk/
Glenboi Community Primary School,https://www.glenboiprimary.co.uk/
Glyn-Gaer Primary School,https://glyn-gaer-cp-school.j2bloggy.com/
Glyncoed Primary,https://www.glyncoedprimary.co.uk/
Glyncollen Primary School,http://www.glyncollen.swansea.sch.uk/
Glyncorrwg Primary School,http://glyncorrwg-primary-school.j2bloggy.com/
Gnoll Primary School,http://gnoll-primary-school.j2bloggy.com/
Godre'rgraig Primary School,https://godrergraig-primary-school.j2bloggy.com/
Goetre Primary School,https://sites.google.com/a/goetre.merthyr.sch.uk/goetre/home/
Golftyn Cp School,http://golftyncp.wales/
Gors Community School,https://www.gorscommunityprimary.co.uk/
Gorseinon Primary School,https://www.gorseinonprimary.co.uk/
Gowerton Comprehensive School,https://gowerton-primary-school1.j2bloggy.com/
Gowerton Primary School,https://gowerton-primary-school1.j2bloggy.com/
Goytre Fawr Primary,https://www.goytrefawrprimary.co.uk/
Graig-Y-Rhacca Primary And Nursery Community,https://www.gyrschool.co.uk/
Grange Primary School,https://www.grange.swansea.sch.uk/
Grangetown Primary School,https://www.grangetownprimary.com/
Grango,https://www.grango.co.uk/
Greenfield School,http://www.greenfield.merthyr.sch.uk
Greenhill Primary,https://www.greenhillprm.co.uk/
Greenmeadow Primary,https://www.greenmeadowprimaryschoolcwmbran.co.uk/
Greenway Primary School,https://www.greenwayprimary.com/
Griffithstown Primary School,http://www.griffithstown-primary.co.uk/
Gronant Primary School,https://www.ysgolgronant.co.uk/
Guilsfield C.P. School,https://www.guilsfield.powys.sch.uk/
Gwauncelyn Primary School,https://www.gwauncelynprimary.cymru/
Gwaunfarren Primary,https://sites.google.com/gwaunfarren.merthyr.sch.uk/gwaunfarrenprimaryschool/home
Gwaunmeisgyn Primary School,https://www.gwaun.org/
Gwenfo C/W Primary School,https://gwenfocwprimary.co.uk/
Gwenfro Community Primary,https://gwenfro-pri.wrexham.sch.uk/
Gwernyfed High School,https://www.gwernyfed-hs.powys.sch.uk/
Gwernymynydd Cp School,https://www.ysgolgwernymynyddcp.com/
Gwersyllt Community Primary School,https://gwersylltcp.home.blog/
Gwyrosydd Primary School,https://www.gwyrosyddprimaryschool.co.uk/
Gyfun Aberaeron Comprehensive,https://ygaberaeron.org.uk/
Hafod Primary School,https://www.hafodprimary.co.uk/
Hafod Y Wern Community Primary School,https://www.hafodywern.co.uk/
Halfway C.P. School,http://halfwayschool.org/
Haverfordwest High VC School,https://www.haverfordwesthigh.pembrokeshire.sch.uk/
Hawarden High School,https://www.hawardenhigh.org.uk/
Hawthorn High School,https://hawthornhighschool.co.uk/
Hawthorn Primary School,http://www.hawthornprimary.co.uk/
Hawthorn Primary,https://www.hawthornpri.co.uk/
Hay-on-Wye C.P. School,http://www.hay.powys.sch.uk/
Hendre Infants School,http://hendre-infants-school.j2bloggy.com/
Hendre Junior School,https://www.hendrejuniorschool.co.uk/
Hendredenny Park Primary,https://sites.google.com/hwbcymru.net/hendredennyparkprimary/
Hendrefoilan Primary,https://hendrefoilan-primary-school1.j2bloggy.com/
Hendy C.P. School,https://www.ysgolyrhendy.org.uk/
Hengoed Primary,http://www.hengoedprimary.com
Henry Tudor School,https://www.yht.wales/
Heol Y Celyn Bilingual Primary,https://www.heol-y-celyn.co.uk/
Heolddu Comprehensive School,https://heoldducomprehensive.org.uk/
Heolgerrig Community School,https://sites.google.com/a/heolgerrig.merthyr.sch.uk/heolgerrig-community-primary-school/home
Herbert Thompson Primary,https://www.herbertthompsonprimary.co.uk/
Heronsbridge Special School,https://heronsbridge.co.uk/
High Cross Primary School,https://www.highcrossprimary.co.uk/
High Street Primary School,https://www.highstreetprimary.co.uk/
Hirwaun Primary School,https://www.hirwaunprimarysch.co.uk/
Holt C.P. School,http://www.holtcpschool.com
Holton Primary School,https://www.holtonprimary.com/
Holy Family R.C. Primary,https://www.holyfamilyprm.co.uk/
Holy Name Rc School,https://www.christtheword.co.uk/
Hook Cp School,https://sites.google.com/hwbcymru.net/hookschool
Howardian Primary School,https://www.howardianprimaryschool.co.uk/
Hywel Dda Primary School,https://www.hywelddaprimary.co.uk/
Idris Davies School 3 to 18,https://sites.google.com/idrisdaviesschool.wales/ids
Irfon Valley C.P. School,https://irfon-valley-cp-school.j2bloggy.com/
Jenner Park Primary School,https://www.jennerparkprimary.co.uk/
Johnstown Primary School,http://www.johnstown.amdro.org.uk/
Jubilee Park Primary School,https://www.jubileeparkprimary.co.uk/
Kitchener Primary School,https://www.kitchenerprimaryschool.com/
Knighton C.I.W. School,http://www.knighton.powys.sch.uk/
Kymin View Primary School,https://www.kyminviewprimary.org.uk/
Lakeside Primary School,https://www.lakesideprimaryschool.co.uk/
Lamphey Primary School,https://www.lampheyschool.co.uk/
Langstone Primary School,https://www.langstoneprimary.co.uk/
Laugharne V.C.P. School,http://www.laugharne.amdro.org.uk/
Leighton C.P. School,http://www.leighton.powys.sch.uk/
Lewis Girls' Comprehensive School,https://www.lgs.wales/
Lewis School Pengam,https://lsp.wales/
Litchard Primary,https://www.litchardprimary.com/
Llanbister C.P. School,https://www.llanbisterschool.com/
Llancaeach Junior School,https://www.llancaeachjuniorschool.co.uk/
Llandaff City Primary School,https://www.lccw.org.uk/
Llandinam C.P. School,http://ysgolllandinamschool.co.uk
Llandogo Primary,https://www.llandogo.monmouthshire.sch.uk/
Llandough County Primary,https://www.llandoughprimary.com/
Llandybie C.P. School,http://www.llandybie.amdro.org.uk/
Llandysilio C.I.W. School,https://llandysiliocinwschool.weebly.com/
Llanedeyrn Primary School,https://www.llanedeyrnprimary.co.uk/
Llanelwedd Church In Wales Primary School,https://www.llanelwedd.powys.sch.uk/
Llanfaes C.P. School,http://www.llanfaes.powys.sch.uk/
Llanfair Primary School,http://www.llanfairps.com/
Llanfechain C.I.W. School,http://www.llanfechainschool.org.uk/
Llanfoist Fawr Primary,https://www.llanfoist.monmouthshire.sch.uk/
Llangadog C.P. School,https://ysgol-llangadog.weebly.com/
Llangan Primary School,http://www.llanganprimaryschool.co.uk
Llangattock C.I.W. School,http://www.llangattock.powys.sch.uk/
Llangatwg Community School,https://www.llangatwgcommunityschool.org.uk/
Llangedwyn C In W Primary School,https://www.llangedwyn.school/
Llangewydd Junior School,http://www.llangewydd.co.uk
Llangiwg Primary School,https://llangiwg-primary-school.j2bloggy.com/
Llangors C.I.W. School,https://llangorseschool.wales/
Llangunnor C.P. School,http://www.llangunnor.amdro.org.uk/
Llangyfelach Primary School,https://www.llangyfelachprimaryschool.co.uk/
Llangynidr C.P. School,http://www.llangynidr.powys.sch.uk/
Llangynwyd Primary School,http://www.llangynwydprimary.co.uk
Llanharan Primary School,http://www.llanharanprimary.com/
Llanhari Primary,http://www.llanhariprimary.com/
Llanidloes C.P. School,https://llanidloes.powys.sch.uk/
Llanidloes High School,https://llanidloeshighschool.co.uk/
Llanilltud Faerdref Primary,https://www.llanilltudprimaryschool.co.uk/
Llanishen Fach Primary School,https://www.llanishenfach.co.uk/
Llanmartin Junior & Infants,https://www.llanmartinprimary.co.uk/
Llanmiloe C.P. School,http://www.llanmiloe.amdro.org.uk/
Llanpumsaint School,http://www.llanpumsaint.amdro.org.uk/
Llanrhaeadr Ym Mochnant C.P. School,http://ysgolllanrhaeadr.weebly.com/
Llanrhidian Primary,https://www.llanrhidian.swansea.sch.uk/
Llansannor C/W Primary School,https://www.llansannorprimary.co.uk/
Llansantffraid C In W School,http://llansantffraidprimaryschool.weebly.com/
Llantarnam Community Primary School,https://www.llantarnamcommunityprimary.co.uk/
Llantilio Pertholey Cv Primary,https://www.llantiliopertholeycv.monmouthshire.sch.uk/
Llantrisant Primary School,http://www.llantrisantprimary.co.uk/
Llantwit Major School,http://www.llantwitschool.org.uk/
Llanvihangel Crucorney County Primary School,https://www.llanvihangel.wales/
Llanwern High School,https://www.llanwernhighschool.co.uk/
Llanybydder C.P. School,http://www.llanybydder.amdro.org.uk/
Llanyrafon Primary School,https://www.llanyrafonprimary.co.uk/
Llechyfedach C.P. School,http://llechyfedach.amdro.org.uk/
Lliswerry High School,http://lliswerryhigh.org/
Lliswerry Primary School,https://www.lliswerryprimary.co.uk/
Llwyn-Crwn Primary School,https://www.llwyncrwnprimary.co.uk/
Llwynypia Primary School,http://llwynypiaprimary.co.uk/
Llysfaen Primary School,https://www.llysfaenprimaryschool.co.uk/
Machen Primary School,http://ysgolmachen.school/
Maenclochog Cp School,http://ysgolmaenclochog.co.uk/
Maendy Junior And Infants,https://sites.google.com/hwbcymru.net/maendy-primary-school/home
Maerdy Primary School,https://www.maerdyprimarysch.co.uk/
Maes Ebbw School,https://www.maesebbw.com/
Maes Y Morfa Community Primary School,https://www.ysgolmaesymorfa.com/
Maes Yr Haul Broadlands,https://www.maesyrhaul.com/
Maes-Y-Coed Primary School,https://www.maesycoedprimary.com/
Maesgwyn,https://sites.google.com/maesgwyn.org.uk/maesgwyn
Maesteg Comprehensive School,https://www.maestegcs.bridgend.sch.uk/
Maesybryn Primary School,http://maesybrynprimary.weebly.com/
Maesycwmmer Primary School,https://maesycwmmer-primary-school.j2bloggy.com/
Maesyrhandir C.P. School,https://www.maesyrhandirprimary.com/
Maindee Primary,http://www.maindeeprimaryschool.co.uk/
Malpas Court Primary,https://www.malpascourtprimary.co.uk/
Malpas Park Primary,http://www.malpasparkprimary.co.uk/
Markham Primary,http://www.markhamprimary.org/
Marlborough Primary,https://www.marlboroughprimary.com/
Marshfield Primary School,https://www.marshfieldprimary.co.uk/
Mary Immaculate Catholic Primary School,http://mary-immaculate-catholic-primary-school.j2bloggy.com/
Mary Immaculate High School,https://maryimmaculate.org.uk/
Mayals Primary,http://mayals-primary-school.j2bloggy.com/
Meadowbank Special School,https://www.meadowbanksp.co.uk/
Meadowlane Primary School,https://www.meadowlaneprm.co.uk/
Meidrim C.P. School,http://www.meidrim.amdro.org.uk
Meifod C.P. School,https://meifod.powys.sch.uk/
Melin Primary School,https://melin-primary-school.j2bloggy.com/
Milford Haven Community Primary School,https://milford-haven-community-primary-school.j2bloggy.com/
Milford Haven School,https://milfordhavenschool.co.uk/
Millbank Primary School,https://www.millbankprm.cardiff.sch.uk/
Millbrook Primary,https://www.millbrookprimary.co.uk/
Milton Primary School,https://www.miltonprimaryschool.co.uk/
Minera,https://www.mineraprimary.com/
Miskin Primary,https://miskinprimary.co.uk/
Monkton Priory C.P. School,https://www.monktonpriory.co.uk/
Monmouth Comprehensive School,https://www.monmouthcomprehensive.org.uk/
Monnow Primary,https://www.monnowprimaryschool.co.uk/
Montgomery C.I.W. School,http://www.montgomery.powys.sch.uk/
Moorland Primary,https://www.moorlandprm.cardiff.sch.uk/
Morriston Comprehensive,https://morristoncomp.co.uk/
Morriston Primary School,http://morriston.j2webby.com/
Mount Pleasant Primary,http://www.mountpleasantprimary.co.uk/
Mount Street C.P. Infants,http://www.mountstreeti.powys.sch.uk/
Mount Street C.P. Junior,https://mount-street-cp-junior.j2bloggy.com/
Mount Stuart Primary School,https://www.mountstuartprimary.co.uk/
Mountain Ash Comprehensive School,https://macs.uk.net/
Mountain Lane Primary School,https://www.mountainlane.co.uk/
Mynydd Cynffig Primary School,http://www.mynydd-cynffig.co.uk
Myrddin C.P. School,http://myrddin.amdro.org.uk/
Nannerch V.C.P. School,http://www.ysgolnannerch.com
Nant Celyn Primary School ,https://www.nantcelynprimary.co.uk/
Nant Y Parc Primary School,https://www.nantyparcprimaryschool.co.uk/
Nantyffyllon Primary School,https://www.nantyffyllon.com/
Nantymoel Primary School,https://www.nantymoelprimary.co.uk/
Narberth Cp School,https://www.narberthschool.co.uk/
New Inn Primary School,https://www.newinnprimary.co.uk/
Newbridge School,https://www.newbridgeschool.org.uk/
Newport High School,http://www.newporthigh.co.uk/
Newton Primary School,https://www.newtonprimary.co.uk/
Newton Primary,https://www.newtonprimary.co.uk/
Newtown High School,https://www.newtown-hs.powys.sch.uk/
Neyland Community School,https://neylandcommunity-school.co.uk/
Ninian Park Primary School,https://www.ninianparkprm.cardiff.sch.uk/
Northop Hall,https://www.northophallschool.co.uk/
Nottage County Primary,http://www.nottageprimary.com/
Oakfield Primary School,https://www.oakfieldprimary.com/
Ogmore Vale Primary School,https://www.ogmorevaleprimary.co.uk/
Olchfa School,https://www.olchfa.org.uk/
Old Road C.P. School,http://www.oldroad.amdro.org.uk/
Oldcastle Primary School,https://www.oldcastleprimary.co.uk/
Our Lady & St Michael's Rc,https://www.olsm.co.uk/
Our Lady of the Angels Primary RC School,https://www.ourladystorfaen.co.uk/
Our Lady's R.C.,https://www.ourladysrcprimary.co.uk/
Overmonnow Primary School,https://www.overmonnow.monmouthshire.sch.uk/
Owen Jones Cp,https://www.ysgolowenjones.wales/
Padre Pio Rc Primary School,https://www.padrepiorcprimary.co.uk/
Palmerston Primary School,https://www.palmerstonprimary.com/
Pantside Primary,https://www.pantsideprimaryschool.co.uk/
Pantysgallog Primary School,https://www.pantysgallogprimary.co.uk/
Parc Primary School,https://www.craigyparc-school.co.uk/
Parc Y Tywyn School,https://www.ysgolparcytywyn.co.uk/
Parclewis Primary School,https://www.parclewisprimaryschool.co.uk/
Park Lane Special School,https://parklaneschool.uk/
Park Primary,https://park-primary-school1.j2bloggy.com/
Park Primary,https://www.parkcpllay.co.uk/
Parkland Primary School,https://www.parkland.swansea.sch.uk/
Pembrey C.P. School,https://www.pembreyprimary.org.uk/
Pembroke Dock Community School,https://sites.google.com/hwbcymru.net/pdcsprimary/home
Pembroke Primary,http://www.pembrokeshire.ac.uk/
Pen Afan Primary,http://pen-afan-primary.j2bloggy.com/
Pen Coch,http://ysgolpencoch.org/
Pen-Y-Bont Primary,http://www.penybontprimary.org.uk/
Pen-Y-Dre High School,https://www.penydre.merthyr.sch.uk/
Pen-Y-Fro,http://www.yfro.amdro.org.uk/
Pen-y-Bryn Primary School,https://www.penybrynprm.co.uk/
Pen-y-cwm Special School,http://www.penycwm.com/
Penarlag Cp,https://www.penarlagcpschool.co.uk/
Pencaerau Primary,https://www.pencaerauprimary.com/
Penclawdd Primary School,https://www.penclawddprimary.co.uk/
Pencoed Comprehensive,https://pencoedcomp.wales/
Pencoed Primary School,https://www.pencoedprimary.co.uk/
Pencoedtre High School,https://www.pencoedtrehigh.org.uk/
Penderyn Primary,https://www.penderynpri.cymru/
Pendoylan C/W Primary School,http://www.pendoylan.com/
Pengam Primary,https://sites.google.com/fleurdelisprimary.net/website/pengam-primary
Pengelli Primary,https://www.pengelliprimaryschool.com/
Pengeulan Primary,https://www.pengeulanprimary.co.uk/
Penglais School,https://penglais.org.uk/
Penllergaer Primary School,https://penllergaerprimary.co.uk/
Penllwyn Primary,https://sites.google.com/view/penllwyn-primary-school/home
Pennar Community School,http://pennarcommunity.pembrokeshire.sch.uk/
Pennard Primary,https://www.pennardprimary.co.uk/
Penpych Community Primary Scho,https://www.penpych-primary.co.uk/
Penrhiwceibr Primary,https://www.penrhiwceibrprimary.co.uk/
Penrhys Community Primary,https://www.penrhysprimary.co.uk/
Pentrebane Primary School,https://www.pentrebaneprimaryschool.com/
Pentrepoeth Primary,https://www.pentrepoethprimary.co.uk/
Pentreâ€™r Graig Primary School,https://pentrergraig-primary.j2webby.com/
Pentwynmawr Primary School,https://www.pentwynmawrprimary.co.uk/
Pentyrch Primary,https://www.pentyrchprimary.com/
Penycae Community Primary School,https://www.ysgolgynraddpenycae.co.uk/
Penygaer Primary School,https://www.penygaerschool.co.uk/
Penygarn Community Primary School,https://www.penygarn.torfaen.sch.uk/
Penygawsi Primary School,https://www.penygawsiprimaryschool.co.uk/
Penygelli C P School,https://www.penygellischool.co.uk/
Penygloddfa C.P. School,http://www.penygloddfa.powys.sch.uk/
Penygroes C.P. School,http://www.penygroes.amdro.org.uk/
Penyrenglyn Primary,https://www.penyrenglynprimary.com/
Penyrheol Comprehensive School,https://penyrheol-comp.net/
Penyrheol Primary School,https://www.penyrheolprimary.co.uk/
Penywaun Community School,https://www.penywaunprimary.co.uk/
Perthcelyn Community Primary School,https://www.perthcelynprimary.co.uk/
Peter Lea Primary School,https://www.peterleaprimaryschool.com/
Peterston-Super-Ely Primary,https://www.peterstonprimary.net/
Phillipstown Primary School,https://sites.google.com/hwbcymru.net/phillipstownprimaryschool/
Pil Primary,https://www.pilprimary.co.uk/
Pillgwenlly Primary School,https://sites.google.com/hwbcymru.net/pillgwenllyprimary/home
Plasmarl Primary School,https://www.plasmarlprimary.co.uk/
Plasnewydd Primary School,https://www.plasnewyddprimary.com/
Plasyfelin Primary School,https://www.plasyfelinprimary.com/
Pontarddulais Comprehensive School,https://pontcomp.co.uk/
Pontarddulais Primary School,https://www.pontarddulaisprimaryschool.co.uk/
Pontllanfraith Primary School,https://www.pontllanfraithprimary.co.uk/
Pontlliw Primary,http://www.pontlliwprimary.co.uk/
Pontnewydd Primary & Nursery,https://www.pontnewyddprimaryschool.co.uk/
Pontprennau Primary School,https://www.pontprennauprimaryschool.co.uk/
Pontrhondda Primary School,https://www.pontrhondda.co.uk/
Pontybrenin Primary School,https://www.pontybreninprimary.com/
Pontyclun Primary,https://www.pontyclunprimary.org.uk/
Pontygwaith Primary School,https://www.pontygwaithprimary.co.uk/
Portfield Special School,https://portfield-special-school.j2bloggy.com/
Porth Community School,https://porthcommunityschool.co.uk/
Porthcawl Comprehensive School,https://www.porthcawlschool.co.uk/
Porthcawl Primary School,https://www.porthcawlprimaryschool.co.uk/
Portmead Primary School,https://portmead-primary-school1.j2bloggy.com/
Prendergast Cp School,https://www.prendergastcpschool.org.uk/
Prestatyn High School,http://www.prestatynhigh.cymru/
Prestatyn High School,https://www.prestatynhigh.co.uk/
Presteigne C.P. School,https://www.presteigne.powys.sch.uk/
Puncheston Cp School,https://www.ysgolcasmael.co.uk/
Pwll C.P. School,https://www.pwllprimary.com/
Queen Elizabeth High School,http://www.qehs.carms.sch.uk/
Queensferry Community Primary School,https://www.queensferryprimary.co.uk/
Radnor Primary School,https://www.radnorprimaryschool.co.uk/
Radnor Valley C.P. School,http://www.radnor.powys.sch.uk/
Radyr Comprehensive School,https://radyrcs.co.uk/
Radyr Primary School,https://www.radyrprm.cardiff.sch.uk/
Raglan Primary,https://www.raglanciwvcprimary.co.uk/
Rhayader C.I.W. School,http://www.rhayader.powys.sch.uk/
Rhigos Primary School,http://rhigosprimary.co.uk/
Rhiw Syr Dafydd Primary School,https://www.rhiwsyrdafyddschool.wales/
Rhiwbeina Primary School,https://www.rhiwbeinaprm.co.uk/
Rhos Helyg School,https://www.ysgolrhoshelyg.com/
Rhos Primary School,http://rhos-primary-school.j2bloggy.com/
Rhosnesni High School,https://rhosnesni-high.wrexham.sch.uk/
Rhostyllen Cp School,https://www.ysgolrhostyllen.co.uk/
Rhosymedre Community Primary,https://ysgolrhosymedre.wordpress.com/
Rhws County Primary School,https://www.rhwsprimary.co.uk/
Rhydri Primary School,https://www.bedwasrhydri.school/rhydriprimary
Rhydyfro Primary School,https://www.rhydyfroprimary.co.uk/
Rhydypenau Primary School,https://www.rhydypenau.co.uk/
Rhyl High School,http://www.rhylhighschool.cymru/
Richmond Park Primary School,http://www.richmondpark.amdro.org.uk/
Ringland Primary,https://www.ringlandprimaryschool.co.uk/
Risca Community Comprehensive,https://sites.google.com/riscacom.net/rccs-virtual-school/home
Risca Primary,https://www.riscaprimary.co.uk/
Roath Park Primary School,https://www.roathparkprimaryschool.co.uk/
Rogerstone Primary,https://www.rogerstoneprimary.com/
Rogiet County Primary,https://www.rogiet.monmouthshire.sch.uk/
Romilly Primary School,https://www.romillyprimaryschool.co.uk/
Rumney Primary,http://rumneyprm.net/
Saltney Ferry Cp,https://www.saltneyferryschool.co.uk/
Sandfields Primary School,https://sandfields-primary-school.j2bloggy.com/
Sandycroft Cp,https://www.ysgolsandycroftschool.co.uk/
Saundersfoot Cp School,https://www.saundersfoot.pembrokeshire.sch.uk/
Sea View Primary School,https://www.seaview.school/
Sealand Cp School,https://www.sealandcpschool.co.uk/
Sennybridge C.P. School,https://www.sennybridge.powys.sch.uk/
Severn Primary,https://www.severnprimaryschool.co.uk/
Sketty Primary School,https://www.skettyprimary.co.uk/
Sofrydd Primary,https://sofryddprimaryschool.weebly.com/
Somerton Primary,http://eveswellandsomertonschoolspartnership.co.uk/
Southdown Cp,https://www.southdownprimaryschoolbuckley.co.uk/
Springwood Primary School,https://www.springwoodprm-cardiff.co.uk/
St Alban's Rc Primary School,https://www.stalbans-pontypool.org.uk/
St Andrew's Primary School,https://standrews.wales/
St Anne's Catholic Primary,https://rctmoodle.org/ssgabrielraphaelrc/
St Anthony's Catholic Primary,http://www.stanthonyscatholic.co.uk/
St Asaph Infants School,https://www.stasaphvpschool.org.uk/
St Athan Primary School,https://www.stathanprimaryschool.co.uk/
St Bernadettes Primary School,https://www.stbernadettesprm.cardiff.sch.uk/
St Brides C W Primary School,https://www.stbridesprimary.org.uk/
St Cadoc's Catholic Primary,https://sites.google.com/stcadocs.com/website/
St Cenydd School,https://www.stcenyddcommunityschool.co.uk/
St Christophers School,https://www.ysgolstchristophers.com/
St Cuthbert's Rc Primary,https://www.stcuthberts.co.uk/
St Cyres Comprehensive School,http://www.stcyres.org/
St David's C/W Primary School,https://www.pgfl.org.uk/schools/dsf/dewisant/
St David's Catholic Primary School,https://www.stdavidscatholicprimary.swansea.sch.uk/
St Florence Vc School,https://www.stflorence.pembrokeshire.sch.uk/
St Francis R C Primary School,https://www.stfrancisprm.cardiff.sch.uk/
St Gwladys Bargoed School,https://www.stgwladys.co.uk/
St Helen's Catholic Primary School,https://www.sthelensrcprimary.com/
St Helen's Primary School,http://www.sthelensprimary.ik.org/
St James Primary School,https://www.stjames-caerphilly.co.uk/
St John Lloyd Catholic Comprehensive School,http://www.stjohnlloyd.co.uk/
St John Lloyd,https://www.stjohnlloydrcprimaryschool.co.uk/
St John The Baptist Va School,http://stjohnsflintshire.org/
St Joseph's Catholic And Anglican High,https://stjosephs.wales/
St Joseph's Catholic Junior School,http://st-josephs-catholic-junior-school2.j2bloggy.com/
St Joseph's R.C. Primary,https://stjosephsrcprimaryedinburgh.wordpress.com/
St Joseph's RC School and 6th Form Centre,http://stjosephscomp.co.uk/
St Josephs Cathedral Primary School,http://www.stjosephscathedralprimary.swansea.sch.uk/
St Julian's School,https://www.stjuliansschool.co.uk/
St Martin's School,https://www.stmartins.caerphilly.sch.uk/
St Mary The Virgin C/W Primary School,https://www.stmarythevirginprm.co.uk/
St Mary's Rc Primary,https://www.stmaryscatholicprimary.co.uk/
St Mary's Roman Catholic,https://www.stmarysflint.wales/
St Marys Primary School,https://stmaryandstpatrick.co.uk/
St Michael's Rc Primary School,https://www.stmichaelsprimarynewport.co.uk/
St Michaels Primary,https://www.stmikes.co.uk/
St Monicas C/W Primary School,https://www.stmonicasschool.co.uk/
St Nicholas C/W Primary School,https://www.stnicholascwprimary.co.uk/
St Patrick's R C School,https://stpatricksrcprimary.org/
St Peter's School,https://www.stpeters.wales/
St Philip Evans Primary School,https://www.stphilipevansprm.cardiff.sch.uk/
St Richard Gwyn Catholic High School,https://www.strichardgwyn.co.uk/
St Therese's Catholic Primary School,http://st-thereses-catholic-primary-school.j2bloggy.com/
St Thomas Community Primary School,http://stthomascommunityprimary.wales/
St Winefrides,https://roughcuts.wixsite.com/stwinefrides
St. David's High School,https://www.stdavidsprm.cardiff.sch.uk/
St. Illtyd's Catholic High School,http://www.stilltyds.org.uk/
St. Illtyd's Primary School,https://www.stilltydprimaryschool.co.uk/
St. Margaret's Catholic Primary School,https://www.stmargarets.cymru/
St. Robert's Rc Primary,http://www.strobertscath.co.uk/
St. Teilo's Catholic Primary School,https://stteilos.wales/
St. Woolos Primary,https://www.stwoolosprimary.org/
St.John Baptist High School,http://www.stjohnbaptist.co.uk/
St.Paul's C/W Primary School,http://www.stpaulscwprimary.cymru/
Stacey Primary School,https://www.staceyprm.cardiff.sch.uk/
Stanwell School,https://www.stanwell.org/
Stebonheath C.P. School,https://www.stebonheathschool.co.uk/
Stepaside C. P. School,https://stepaside-cp-school.j2bloggy.com/
Sully Primary School,https://www.sullyschool.co.uk/
Swiss Valley C.P. School,http://www.swissvalley.amdro.org.uk
Sychdyn Cp,https://www.ysgolsychdyn.co.uk/
Tairgwaith Primary School,https://tairgwaith-primary-school.j2bloggy.com/
Talley C.P School,http://www.talley.amdro.org.uk/
Tavernspite Cp School,https://www.tavernspiteschool.co.uk/
Templeton Cp School,https://www.templetonschool.co.uk/
Terrace Road Primary School,https://www.terraceroadprimary.co.uk/
The Court School,https://www.thecourtschool.co.uk/
The Hollies School,https://www.holliesschool.co.uk/
The John Frost School,https://www.thejohnfrostschool.co.uk/
The Maelor School,https://www.maelorschool.org.uk/
The Pontypridd High School,https://www.pontypriddhighschool.co.uk/
The River Centre 3-16 Learning Community,http://www.therivercentre.org.uk/
The Rofft Cp School,http://www.therofftschool.co.uk/
Thornhill Primary School,https://www.thornhillprimaryschool.co.uk/
Ton Pentre Infants,https://www.toninfants.co.uk/
Ton Pentre Junior School,https://www.tonpentrejuniorschool.co.uk/
Ton-yr-Ywen Primary School,https://www.tonyrywen.co.uk/
Tondu Primary School,https://www.tonduprimaryschool.co.uk/
Tongwynlais Primary School,https://www.tongwynlaisprimary.com/
Tonnau Primary Community School,https://tonnau-primary-community-school.j2bloggy.com/
Tonyrefail Community School,https://tcs.cymru/
Tonysguboriau Primary School,https://www.tonysguboriauprimaryschool.co.uk/
Townhill Primary School,https://www.townhillcommunityschool.co.uk/
Trallwn Primary School,https://trallwn-primary-school1.j2bloggy.com/
Tre Uchaf Primary School,https://tre-uchaf-primary-school1.j2webby.com/
Tredegar Comprehensive School,https://www.tredegarschool.cymru/
Tredegar Park Primary School,https://www.tredegarparkprimary.co.uk/
Tredegarville C/W Primary,https://www.tredegarvilleprimary.co.uk/
Tref-y-Rhyg Primary School,https://www.trefyrhygprimary.co.uk/
Trehopcyn Primary,https://trehopcyn-primary-school.j2bloggy.com/
Trelai Primary School,https://www.trelaiprm.cardiff.sch.uk/
Trelales Primary School,https://www.trelalesprimaryschool.co.uk/
Trelawnyd,https://trelawnydva.weebly.com/
Trelewis Primary School,https://www.trelewisprimary.wales/
Trellech Junior & Infants,https://www.trellechprimary.co.uk/
Trelogan Primary,https://www.ysgoltrelogan.co.uk/
Tremains Primary School,https://www.tremainsprimary.org.uk/
Tremorfa Nursery,https://www.tremorfanursery.co.uk/
Treorchy Comprehensive School,https://www.treorchycomp.org.uk/
Treorchy Primary,https://treorchyprimaryschool.weebly.com/
Treowen C.P. School,https://treowen-cp-school.j2webby.com/
Trerobart Primary School,https://trerobart.weebly.com/
Trimsaran C.P. School,https://www.ysgoltrimsaran.org.uk/
Trinant Primary,https://sites.google.com/view/trinant-primary-school/home
Trinity Fields School,https://trinityfieldsschoolandresourcecentre.co.uk/
Troedyrhiw Community Primary School,https://www.troedyrhiwprimary.co.uk/
Trowbridge Primary,https://www.trowbridgeprimaryschool.co.uk/
Twyn Primary,http://www.twynschool.com/
Twynyrodyn Community School,https://www.twynyrodyn-merthyr.cymru/
Ty Sign Primary School,https://www.tysignprimary.co.uk/
Tylorstown Primary School,http://tylorstown.school/
Tyn-y-Wern Primary,https://www.tynywernprimaryschool.co.uk/
Tynewydd Primary School.,https://www.tynewyddps.co.uk/
Tynyrheol Primary School,https://www.tynyrheol.co.uk/
Tywyn Primary School,http://ysgolytywyn.blogspot.com/
Tywyn Primary School,https://tywyn-primary-school.j2bloggy.com/
Undy Primary School,https://sites.google.com/schoolsedu.org.uk/undyprimaryschool
Usk Primary School,https://www.uskciwprimary.co.uk/
Venerable Edward Morgan Rc,https://www.vemschool.co.uk/
Victoria Community Primary,https://www.victoriaprimaryschool.com/
Victoria Primary School,https://victoria-pri.co.uk/
Waldo Williams Primary School,https://www.waldowilliamsschool.co.uk/
Wat's Dyke County Primary,https://www.watsdyke.org.uk/
Waun Wen School,https://www.waunwenprimaryschool.co.uk/
Waunarlwydd Primary School,http://www.waunarlwydd.swansea.sch.uk/
Waunceirch Primary School,https://www.waunceirch.co.uk/
Waunfawr Primary,https://www.waunfawrprimaryschool.co.uk/
Welshpool High School,https://welshpoolprimary.weebly.com/
Wepre Community School,https://wepre-cp-school.j2bloggy.com/
West Monmouth School,http://westmonmouthschool.com/
West Park Primary,https://www.westparkprimary.org.uk/
Westwood Cp,http://www.westwoodprimary.co.uk/
Whitchurch Primary,https://www.whitchurchprm.co.uk/
White Rose Primary School,https://sites.google.com/whiteroseprimary.co.uk/schoolwebsite/
Whitestone Primary,https://www.whitestoneprimaryschool.co.uk/
Williamstown Primary,https://www.williamstownprimary.co.uk/
Willowbrook Primary School,https://www.willowbrookprimaryschool.co.uk/
Willows High School,https://www.willowshigh.co.uk/
Windsor Clive Primary,https://www.windsorcliveprm.co.uk/
Wolfcastle Cp School,https://wolfcastle-cp-school.j2bloggy.com/
Wood Memorial Primary School,http://woodmemorial.weebly.com/
Woodlands Community Primary School,https://www.woodlandsprimaryschool.com/
Woodlands High School,https://www.woodlandshs.co.uk/
Y Bont Faen Primary School,https://ybontfaen.school/
Y G G Gwaelod Y Garth,https://www.gwaelodygarth.co.uk/
Y Pant Comprehensive,https://ypant.co.uk/
Y Waun,https://www.ysgolywaun.com/
Y.G.G. Castellau,https://sites.google.com/view/ygg-castellau/
Y.G.G. Llwynderw,https://www.yggllwynderw.co.uk/
Y.G.G. Llyn-Y-Forwyn,https://www.yggllynyforwyn.co.uk/
Y.G.G. Tirdeunaw,https://www.ysgoltirdeunaw.co.uk/
Y.G.G.Aberdar,https://www.yggaberdar.cymru/
YGG Blaendulais,https://ygg-blaendulais.j2bloggy.com/
YGG Castell-nedd,https://www.yggcastell-nedd.co.uk/
YGG Cwm Nedd,https://ygg-cwm-nedd.j2bloggy.com/
YGG Cwmllynfell,https://yggd-cwmllynfell.j2bloggy.com/
YGG Gwaun Cae Gurwen,http://ygg-gwaun-cae-gurwen.j2bloggy.com/
YGG Pontardawe,https://ygg-pontardawe.j2bloggy.com/
YGG Rhosafan,http://ygg-rhosafan.j2bloggy.com/
YGG Trebannws,https://yggd-trebannws.j2bloggy.com/
YGG Tyle'r Ynn,https://ygg-tyler-ynn.j2bloggy.com/
Ygg Bronllwyn School,https://www.yggbronllwyn.co.uk/
Ygg Cynwyd Sant,https://www.ysgolcynwydsant.co.uk/
Ynysboeth Community Primary,https://www.ynysboethprimary.co.uk/
Ynysddu Primary School,http://www.ynysdduprimaryschool.co.uk/
Ynysfach Primary School,https://ynysfach-primary-school.j2bloggy.com/
Ynyshir Community Primary,https://www.ynyshirprimary.co.uk/
Ynysowen Primary,https://www.ynysowenprimary.co.uk/
Ynystawe Primary School,https://www.ynystaweprimary.co.uk/
Ysgol Abercaseg (Babanod),http://ysgolabercaseg.org/
Ysgol Aberconwy,http://www.aberconwy.cymru/
Ysgol Acrefair,https://acrefair-pri.wrexham.sch.uk/
Ysgol Ardudwy,http://www.ardudwy.cymru/
Ysgol Babanod Llanfairfechan,http://babanodllanfairfechan.weebly.com/
Ysgol Babanod Morfa Nefyn,http://ysgolmorfanefyn.org/
Ysgol Bethel,http://ysgolbethel.org/
Ysgol Betws Gwerful Goch,http://www.ysgolbetwsgg.cymru/
Ysgol Betws Y Coed,http://www.betwsycoed.cymru/
Ysgol Betws yn Rhos,https://www.ysgolbetwsynrhos.com/
Ysgol Bod Alaw,http://www.bodalaw.cymru/
Ysgol Bodafon,http://www.bodafon.cymru/
Ysgol Bodfari,http://www.ysgolbodfari.co.uk/
Ysgol Bodfeurig,http://ysgolbodfeurig.org/
Ysgol Bontnewydd,http://ysgolbontnewydd.org/
Ysgol Borthyn,https://ysgolborthyn.cymru/
Ysgol Botwnnog,http://ysgolbotwnnog.org/
Ysgol Bro Aled Llansannan,http://www.broaled.cymru/
Ysgol Bro Alun,https://ysgolbroalun.cymru/
Ysgol Bro Banw,https://www.brobanw.com/
Ysgol Bro Brynach,http://www.brobrynach.amdro.org.uk
Ysgol Bro Caereinion,https://caer-hs.powys.sch.uk/
Ysgol Bro Carmel,https://ysgolbrocarmel.weebly.com/
Ysgol Bro Cinmeirch,http://www.ysgolbrocinmeirch.co.uk/
Ysgol Bro Cynllaith,https://www.cynllaith.powys.sch.uk/
Ysgol Bro Dyfrdwy,http://www.brodyfrdwy.cymru/
Ysgol Bro Eirwg,https://www.ysgolbroeirwg.cymru/
Ysgol Bro Elwern,http://www.ysgolbroelwern.cymru/
Ysgol Bro Famau,http://www.brofamau.cymru/
Ysgol Bro Gwydir,http://www.brogwydir.cymru/
Ysgol Bro Hyddgen,https://brohyddgen.cymru/
Ysgol Bro Idris,http://www.broidris.cymru/
Ysgol Bro Ingli,https://www.ysgolbroingli.com/
Ysgol Bro Lleu,https://www.ysgolbrolleu.cymru/
Ysgol Bro Llifon,http://www.ysgolbrollifon.cymru/
Ysgol Bro Pedr,http://bropedr.ceredigion.sch.uk/
Ysgol Bro Plenydd,http://ysgolbroplenydd.org/
Ysgol Bro Sannan,https://www.ysgolbrosannan.org/
Ysgol Bro Sion Cwilt,http://sioncwilt.ceredigion.sch.uk
Ysgol Bro Sion Cwilt,https://rctmoodle.org/psn/
Ysgol Bro Tawe,http://www.brotawe.powys.sch.uk/
Ysgol Bro Teifi,http://broteifi.ceredigion.sch.uk
Ysgol Bro Tryweryn,http://www.ysgolbrotryweryn.co.uk/
Ysgol Bryn Alyn,http://ysgolbrynalyn.co.uk/
Ysgol Bryn Castell,https://www.ysgolbryncastell.co.uk/
Ysgol Bryn Clwyd,http://ysgolbrynclwyd.com/
Ysgol Bryn Coch,https://www.ysgolbryncoch.com/
Ysgol Bryn Collen,https://www.ysgolbryncollen.co.uk/
Ysgol Bryn Derw,https://ysgolbrynderw.co.uk/
Ysgol Bryn Deva,https://www.bryndeva.co.uk/
Ysgol Bryn Elian,http://www.brynelian.cymru/
Ysgol Bryn Gwalia,https://www.bryngwalia.org/
Ysgol Bryn Hedydd,https://www.ysgolbrynhedydd.net/
Ysgol Bryn Onnen,https://www.ysgolbrynonnen.com/
Ysgol Bryn Tabor,https://www.cymraeg.ysgolbryntabor.co.uk/
Ysgol Bryn Teg,https://ysgolbrynteg.j2bloggy.com/
Ysgol Brynaerau,https://www.ysgolbrynaerau.co.uk/
Ysgol Brynhyfryd,https://www.ysgolbrynhyfryd.com/
Ysgol Brynrefail,https://www.ysgolbrynrefail.org/
Ysgol Cae Top,http://www.caetop.gwynedd.sch.uk/
Ysgol Caer Drewyn,http://www.ysgolcaerdrewyn.co.uk/
Ysgol Caergeiliog,https://www.ysgolcaergeiliog.cymru/
Ysgol Calon Cymru,https://www.ysgolcalon.cymru/
Ysgol Capel Garmon,http://www.capelgarmon.conwy.sch.uk/
Ysgol Carreg Emlyn,http://www.ysgolcarregemlyn.cymru/
Ysgol Carreg Hir,http://ysgolcarreghir.npt.school/
Ysgol Carreg Hirfaen,http://www.carreghirfaen.amdro.org.uk/
Ysgol Carrog,https://www.ysgolcarrog.co.uk/
Ysgol Cedewain,http://www.cedewain.powys.sch.uk/
Ysgol Cefn Meiriadog,https://www.cefnmeiriadog.co.uk/
Ysgol Cemaes,http://www.schoolswire.co.uk/public/cemaes656.html
Ysgol Cerrigydrudion,http://www.ysgolcerrigydrudion.cymru/
Ysgol Clawdd Offa,http://www.ysgolclawddoffa.co.uk
Ysgol Clydau,https://ysgol-clydau.j2bloggy.com/
Ysgol Clywedog,http://clywedog.org/
Ysgol Craig Y Don,http://www.craigydon.cymru/
Ysgol Craig y Deryn,http://ysgolcraigyderyn.org/
Ysgol Crug Glas,https://www.ysgolcrugglas.co.uk/
Ysgol Cybi,https://www.ysgolcybi.cymru/
Ysgol Cymerau,http://www.ysgolcymerau.org/
Ysgol Cynddelw,https://cvf.cymru/
Ysgol Cynfran,http://www.cynfran.cymru/
Ysgol Cynfran,https://www.ysgolcynfran.co.uk/
Ysgol Dafydd Llwyd,http://www.dafyddllwyd.powys.sch.uk/
Ysgol David Hughes,http://ysgoldavidhughes.org/
Ysgol Deganwy,http://www.deganwy.cymru/
Ysgol Deiniol C P,https://www.ysgoldeiniol.co.uk/
Ysgol Derwenfa Cp,https://ysgolderwenfa.co.uk/
Ysgol Dewi Sant,http://www.ysgoldewisant.co.uk/
Ysgol Dinas Bran,http://www.dinasbran.cymru/
Ysgol Dolafon,http://www.dolafon.powys.sch.uk/
Ysgol Dolbadarn,http://www.ysgoldolbadarn.org/
Ysgol Dolwyddelan,http://www.dolwyddelan.cymru/
Ysgol Dyffryn Conwy,http://www.dyffrynconwy.cymru/
Ysgol Dyffryn Ial,https://www.ysgoldyffrynial.co.uk/
Ysgol Dyffryn Nantlle,http://ysgoldyffrynnantlle.org/
Ysgol Dyffryn Ogwen Bethesda,https://www.ysgoldyffrynogwen.org/index.php
Ysgol Dyffryn Trannon,https://dyffryntrannon.powys.sch.uk/
Ysgol Eifionydd,http://www.ysgoleifionydd.org/
Ysgol Ein Harglwyddes,http://www.ourladys.gwynedd.sch.uk/
Ysgol Emmanuel,https://www.ysgolemmanuel.com/
Ysgol Emrys Ap Iwan,http://www.emrysapiwan.cymru/
Ysgol Esgob Morgan C.I.W. Voluntary Controlled Primary School,https://www.esgobmorgan.co.uk/
Ysgol Estyn Community School,https://ysgolestyn.com/
Ysgol Ffordd Dyffryn,https://ffordddyffryn.conwy.sch.uk/
Ysgol Ffridd Y Llyn,https://ysgolffriddyllyn.cymru/
Ysgol Foel Gron,http://www.foelgron.gwynedd.sch.uk/
Ysgol Friars,http://www.friars.cymru/
Ysgol Garth Olwg,https://gartholwg.cymru/
Ysgol Gellifor,https://www.ysgolgellifor.com/
Ysgol Glan Aber,https://ysgolglanaber.weebly.com/
Ysgol Glan Ceubal,https://www.ysgolglanceubal.cymru/
Ysgol Glan Conwy,http://www.glanconwy.cymru/
Ysgol Glan Gele,https://www.glangele.conwy.sch.uk/
Ysgol Glan Morfa,http://www.glanmorfa.cymru/
Ysgol Glancegin,http://ysgolglancegin.cymru/
Ysgol Glannau Gwaun,https://www.ysgolglannaugwaun.co.uk/
Ysgol Glanrafon,https://www.ysgolglanrafon.co.uk/
Ysgol Glanwydden,http://www.glanwydden.cymru/
Ysgol Godre'r Berwyn,http://www.godreberwyn.cymru/
Ysgol Golwg y Cwm,http://www.golwgycwm.powys.sch.uk/
Ysgol Greenhill School,https://ysgolgreenhillschool.co.uk/
Ysgol Griffith Jones,http://www.griffithjones.amdro.org.uk/
Ysgol Gwaun Gyfni,https://ysgolgwaungynfi.org/
Ysgol Gwenffrwd,https://ysgolgwenffrwd.weebly.com/
Ysgol Gwynedd Cp,https://www.ysgolgwynedd.co.uk/
Ysgol Gwynfryn,https://sites.google.com/hwbcymru.net/cgp-faq-ail-agor/home
Ysgol Gyfun Cwm Rhondda,https://www.ygcwmrhondda.cymru/
Ysgol Gyfun Gwent Is Coed,http://www.gwentiscoed.cymru
Ysgol Gyfun Gwyr,https://www.yggwyr.org.uk/
Ysgol Gyfun Gymraeg Bro Edern,https://www.broedern.cymru/
Ysgol Gyfun Gymraeg Bryn Tawe,https://www.bryntawe.swansea.sch.uk/
Ysgol Gyfun Gymraeg Glantaf,https://www.glantaf.cymru/
Ysgol Gyfun Gymraeg Plasmawr,http://www.ysgolplasmawr.cymru/
Ysgol Gyfun Llangefni,http://www.llangefni.cymru/
Ysgol Gyfun Penweddig,http://www.penweddig.ceredigion.sch.uk/
Ysgol Gyfun Rhydywaun,https://rhydywaun.wixsite.com/rhydywaun
Ysgol Gymraeg Abercynon,https://www.yggabercynon.cymru/
Ysgol Gymraeg Aberystwyth,http://www.ysgolgymraeg.ceredigion.sch.uk/
Ysgol Gymraeg Bodringallt,https://www.bodringalltprimaryschool.co.uk/
Ysgol Gymraeg Bro Allta,https://www.broallta.cymru/
Ysgol Gymraeg Bro Morgannwg,https://www.ygbm.co.uk/
Ysgol Gymraeg Bro Ogwr,http://www.ysgolbroogwr.cymru/
Ysgol Gymraeg Bro Teyrnon,https://ysgol-gymraeg-bro-teyrnon.j2bloggy.com/
Ysgol Gymraeg Brohelyg,https://www.ysgolgymraegbrohelyg.com/
Ysgol Gymraeg Caerffili,https://www.ysgolgymraegcaerffili.co.uk/
Ysgol Gymraeg Casnewydd,https://en.ysgolgymraegcasnewydd.com/
Ysgol Gymraeg Coed Y Gof,https://www.coedygof.co.uk/
Ysgol Gymraeg Croes Atti,https://www.ysgolcroesatti.co.uk/
Ysgol Gymraeg Cwm Gwyddon,https://www.ysgolcwmgwyddon.cymru/
Ysgol Gymraeg Cwmbran Primary,https://www.ysgolgymraegcwmbran.co.uk/
Ysgol Gymraeg Dewi Sant,https://www.ysgolgymraegdewisant.co.uk/
Ysgol Gymraeg Dyffryn y Glowyr,http://www.dyffrynyglowyr.powys.sch.uk/
Ysgol Gymraeg Evan James,https://www.yggevanjames.co.uk/
Ysgol Gymraeg Ffwrnes,http://www.ffwrnes.amdro.org.uk/
Ysgol Gymraeg Gilfach Fargod,https://www.yggf.co.uk/
Ysgol Gymraeg Gwaun Y Nant,https://www.ysgolgwaunynant.co.uk/
Ysgol Gymraeg Gwenllian,https://www.ysgolgymraeggwenllian.com/
Ysgol Gymraeg Henllan,http://www.henllan.cymru/
Ysgol Gymraeg Ifor Hael,http://www.iforhael.cymru/
Ysgol Gymraeg Llangennech,https://www.ysgolgymraegllangennech.cymru/
Ysgol Gymraeg Llwyncelyn,https://www.yggllwyncelyn.cymru/
Ysgol Gymraeg Lon Las,https://www.ygglonlas.co.uk/
Ysgol Gymraeg Melin Gruffydd,https://www.ygmg.com/
Ysgol Gymraeg Mornant,http://www.mornant.cymru/
Ysgol Gymraeg Morswyn,http://www.morswyn.cymru/
Ysgol Gymraeg Nant Caerau,https://sites.google.com/hwbcymru.net/ysgol-gymraeg-nant-caerau/hafan-home
Ysgol Gymraeg Pwll Coch,https://www.ygpc.cymru/
Ysgol Gymraeg Rhyd-Y-Grug,https://www.rhyd-y-grug.cymru/
Ysgol Gymraeg Rhydaman,https://ysgolgymraegrhydaman.webnode.com/
Ysgol Gymraeg Sant Baruc,https://www.ysgolsantbaruc.co.uk/
Ysgol Gymraeg Sant Curig,https://www.ysgolgymraegsantcurig.com/
Ysgol Gymraeg Teilo Sant,http://www.teilosant.amdro.org.uk
Ysgol Gymraeg Trelyn,https://www.ysgolgymraegtrelyn.co.uk/
Ysgol Gymraeg Y Fenni,http://www.ysgolyfenni.co.uk/
Ysgol Gymraeg Y Ffin,https://www.ysgolyffin.com/
Ysgol Gymraeg Y Garnedd,http://www.ygarnedd.cymru/
Ysgol Gymraeg Y Gwernant,http://www.ygwernant.cymru/
Ysgol Gymraeg Y Login Fach,https://www.yloginfach.co.uk/
Ysgol Gymraeg y Cwm,https://www.ygycwm.co.uk/
Ysgol Gymuned Bryngwran,http://ysgolbryngwran.org
Ysgol Gymuned Llanfechell,http://www.llanfechell.anglesey.sch.uk
Ysgol Gymuned Llannerch-Y-Medd,https://ysgolllannerchymedd.blogspot.com
Ysgol Gymuned Penisarwaun,http://www.ysgolpenisarwaen.org/
Ysgol Gymuned Pentraeth,http://www.pentraeth.anglesey.sch.uk
Ysgol Gymuned Y Ffridd,http://www.ffridd.anglesey.sch.uk
Ysgol Gymuned y Fali,http://valleycommunityschool.co.uk
Ysgol Gymunedol Cenarth,http://www.ysgolcenarth.cymru/
Ysgol Gymunedol Comins Coch,https://www.cominscoch.ceredigion.sch.uk/
Ysgol Gymunedol Craig Yr Wylfa,http://www.craigyrwylfa.ceredigion.sch.uk/
Ysgol Gymunedol Croesgoch,https://sites.google.com/hwbcymru.net/ysgol-croesgoch/
Ysgol Gymunedol Dihewyd,http://ysgoldihewyd.weebly.com/
Ysgol Gymunedol Eglwyswrw,https://sites.google.com/hwbcymru.net/ysgoleglwyswrw
Ysgol Gymunedol Gynradd Aberaeron,https://ysgolfelinwnda.cymru/
Ysgol Gymunedol Llanilar,https://www.llanilar.ceredigion.sch.uk/
Ysgol Gymunedol Llannon,http://llannon.ceredigion.sch.uk/
Ysgol Gymunedol Llechryd,http://ysgolllechryd.co.uk/
Ysgol Gymunedol Peniel,http://www.peniel.amdro.org.uk/
Ysgol Gymunedol Penrhyncoch,http://penrhyncoch.ceredigion.sch.uk/
Ysgol Gymunedol Plascrug,http://www.plascrugprimary.co.uk/
Ysgol Gymunedol Pontrhydfendigaid,http://www.pontrhydfendigaid.ceredigion.sch.uk/
Ysgol Gymunedol Talybont,https://www.talybont.ceredigion.sch.uk/
Ysgol Gynradd Abererch,http://ysgolabererch.org/
Ysgol Gynradd Bancffosfelen,http://www.bancffosfelen.amdro.org.uk/
Ysgol Gynradd Beaumaris,https://ysgolbeaumaris.wordpress.com/
Ysgol Gynradd Blaenau,https://www.ysgolblaenau.co.uk/
Ysgol Gynradd Bodedern,http://www.ysgoluwchraddbodedern.org
Ysgol Gynradd Brynsaron,https://www.ysgolsaron.co.uk/
Ysgol Gynradd Carno,http://www.carno.powys.sch.uk/
Ysgol Gynradd Coed-y-Dderwen,https://sites.google.com/a/coedydderwen.merthyr.sch.uk/coedydderwenprimary/
Ysgol Gynradd Drefach,http://www.drefach.amdro.org.uk/
Ysgol Gynradd Ffairfach,http://www.ffairfach.amdro.org.uk/
Ysgol Gynradd Garndolbenmaen,http://www.garndolbenmaen.gwynedd.sch.uk/
Ysgol Gynradd Glantwymyn,http://www.glantwymyn.powys.sch.uk/
Ysgol Gynradd Groeswen Primary School,https://sites.google.com/hwbcymru.net/ysgol-groes-wen-primary-school/
Ysgol Gynradd Gymraeg Calon Y Cymoedd,https://www.ysgolcalonycymoedd.cymru/
Ysgol Gynradd Gymraeg Cwm Derwen,http://ysgolgymraegcwmderwen.co.uk/
Ysgol Gynradd Gymraeg Pen-Y-Groes,https://www.ysgolpenygroes.cymru/
Ysgol Gynradd Gymraeg Tonyrefail,https://www.ygg-tonyrefail.cymru/
Ysgol Gynradd Gymraeg Ynyswen,https://www.yggynyswen.cymru/
Ysgol Gynradd Kingsland,http://ysgolkingsland.blogspot.com/
Ysgol Gynradd Llanbedrgoch,http://www.ysgolllanbedrgoch.org/
Ysgol Gynradd Llanbedrog,https://ysgolllanbedrog.cymru/
Ysgol Gynradd Llandegfan,http://ysgolllandegfan.cymru/
Ysgol Gynradd Llandeilo Primary School,https://www.llandeiloprimaryschool.co.uk/
Ysgol Gynradd Llandwrog,https://ysgol-llandwrog.cymru/
Ysgol Gynradd Llanfairpwll,http://www.llanfairpwllschool.org/
Ysgol Gynradd Llangoed,https://www.ysgolllangoed.co.uk/
Ysgol Gynradd Llangybi,http://www.ysgolllangybi.org/
Ysgol Gynradd Llanystumdwy,http://www.ysgolllanystumdwy.cymru/
Ysgol Gynradd Maesincla,https://www.ysgolmaesincla.org/
Ysgol Gynradd Nebo,http://ysgolnebo.cymru/
Ysgol Gynradd Nefyn,http://www.ysgolnefyn.org/
Ysgol Gynradd Parc Y Bont,http://parcybont.co.uk/
Ysgol Gynradd Parcyrhun,http://www.parcyrhun.amdro.org.uk/
Ysgol Gynradd Pennal,http://www.pennal.gwynedd.sch.uk/
Ysgol Gynradd Pentreuchaf,http://www.ysgolpentreuchaf.org/
Ysgol Gynradd Ponthenri,http://www.cgp.amdro.org.uk/
Ysgol Gynradd Pontyberem,http://www.pontyberem.amdro.org.uk/
Ysgol Gynradd T Llew Jones,https://ysgoltllewjones.cymru/
Ysgol Gynradd Talysarn,http://ysgoltalysarn.cymru/
Ysgol Gynradd Wirfoddol Llanddarog,http://www.llanddarog.amdro.org.uk/
Ysgol Gynradd Wirfoddol Llanllwni,http://llanllwni.amdro.org.uk/
Ysgol Gynradd Y Borth,http://www.borth.anglesey.sch.uk/
Ysgol Hafod Lon,http://www.hafodlon.cymru/
Ysgol Hen Felin,https://www.ysgolhenfelin.org.uk/
Ysgol Henblas,http://ysgolhenblas.org/
Ysgol Henry Richard,https://www.henryrichard.ceredigion.sch.uk/
Ysgol Heulfan,https://www.ysgolheulfan.co.uk/
Ysgol Hiraddug,http://www.hiraddug.cymru/
Ysgol Hiraddug,https://www.ysgolhiraddug.org.uk/
Ysgol I.D. Hooson,https://ysgolidhooson.cymru/
Ysgol Ifor Bach,http://www.ysgoliforbach.co.uk
Ysgol Iolo Morganwg,https://www.ysgoliolomorganwg.co.uk/
Ysgol John Bright,http://www.johnbright.cymru/
Ysgol Llanbedr,https://www.ysgol-llanbedr.co.uk/
Ysgol Llanbrynmair,http://www.llanbrynmair.powys.sch.uk/
Ysgol Llanddoged,http://ysgol-llanddoged.j2webby.com/
Ysgol Llanddulas,https://ysgolllanddulas.wales/
Ysgol Llandrillo yn Rhos,http://www.llandrilloyrnrhos.cymru/
Ysgol Llandygai,http://www.ysgol-llandygai.co.uk/
Ysgol Llanfair Dyffryn Clwyd,http://www.ysgolllanfairdc.cymru/
Ysgol Llanfawr,http://ysgolllanfawr.cymru/
Ysgol Llanfyllin,https://llanfyllin.powys.sch.uk/
Ysgol Llanhari,http://www.llanhariprimary.com/
Ysgol Llanllechid,http://ysgolllanllechid.org/
Ysgol Llanrug,http://www.ysgolllanrug.cymru/
Ysgol Llansteffan,http://www.llansteffan.amdro.org.uk
Ysgol Llywelyn,https://www.ysgol-llywelyn.com/
Ysgol Maenofferen,http://www.maenofferen.gwynedd.sch.uk/
Ysgol Maes y Mynydd,https://maesymynydd.cymru/
Ysgol Maes-Y-Llan,https://maesyllan-pri.wrexham.sch.uk/
Ysgol Maesglas,https://www.maesglasprimaryschool.org/
Ysgol Maesydderwen,https://www.ysgolmaesydderwen.co.uk/
Ysgol Merllyn,https://www.ysgolmerllyn.org/
Ysgol Min y Ddol,https://www.minyddol-pri.wrexham.sch.uk/
Ysgol Morfa Rhianedd,http://www.ysgolmorfarhianedd.org.uk/
Ysgol Morgan Llwyd,https://www.ysgolmorganllwyd.cymru/
Ysgol Mynydd Bychan,https://www.ysgolmynyddbychan.cymru/
Ysgol Mynydd Isa,https://www.ysgolmynyddisa.com/
Ysgol Mynydd Y Garreg,http://www.mynyddygarreg.amdro.org.uk/
Ysgol Nantgwyn,https://www.ysgolnantgwyn.co.uk/
Ysgol Neuadd Brynllywarch Hall School,https://senadgroup.com/aran/
Ysgol O M Edwards,http://www.ysgolomedwards.co.uk/
Ysgol Pant Y Rhedyn,http://pantyrhedyn.weebly.com/
Ysgol Panteg,https://www.ysgolpanteg.cymru/
Ysgol Pen Barras,http://www.ysgolpenbarras.cymru/
Ysgol Pen Rhos,http://www.ysgolpenrhos.com
Ysgol Pen Y Pil,https://www.ysgolpenypil.cymru/
Ysgol Pen-y-Bryn,http://www.ysgolpenybryn.co.uk/
Ysgol Penalltau,https://www.ysgolpenalltau.com/
Ysgol Pencae,https://www.ysgolpencae.co.uk/
Ysgol Pendalar,http://www.pendalar.cymru/
Ysgol Pendref,https://www.ysgolpendref.co.uk/
Ysgol Penmachno,http://www.ysgolpenmachno.cymru/
Ysgol Penmaes,http://www.penmaes.powys.sch.uk/
Ysgol Penmorfa Cp,http://ysgolpenmorfa.com/
Ysgol Pennant,https://ysgol-pennant.j2bloggy.com/
Ysgol Penrhyn New Broughton Cp,https://ysgolpenrhyn.uk/
Ysgol Pentrecelyn,https://ysgolpentrecelyn.cymru/
Ysgol Pentrefoelas,http://www.pentrefoelas.cymru/
Ysgol Penyffordd,http://www.ysgolpenyffordd.org/
Ysgol Plas Coch,https://ysgolplascoch.cymru/
Ysgol Pont Y Gof,http://www.pontygof.cymru/
Ysgol Pontrobert,http://ysgolpontrobert.weebly.com/
Ysgol Porth y Felin,http://www.ysgolporthyfelin.cymru/
Ysgol Rhiw Bechan,http://www.rhiwbechan.powys.sch.uk/
Ysgol Rhiwabon,https://www.ysgolrhiwabon.co.uk/
Ysgol Rhiwlas,http://www.ysgolrhiwlas.cymru/
Ysgol Rhos Helyg,https://www.ysgolrhoshelyg.com/
Ysgol Rhys Prichard,https://ysgolrhysprichard.org.uk/
Ysgol Sant Dunawd,https://santdunawd.co.uk/
Ysgol Santes Fair,https://www.ysgolsantesfair.co.uk/
Ysgol Santes Helen,https://www.santeshelen.com/
Ysgol Santes Tudful,https://www.santestudful.merthyr.sch.uk/
Ysgol Sarn Bach,http://ysgolsarnbach.org/
Ysgol St. George,https://www.stgeorge.conwy.sch.uk/
Ysgol Swn Y Don,https://ysgolswnydon.cymru/
Ysgol Syr Hugh Owen,http://www.syrhughowen.cymru/
Ysgol Syr Thomas Jones,https://en.ysgolsyrthomasjones.cymru/
Ysgol T. Gwynn Jones,http://www.tgwynnjones.cymru/
Ysgol Talhaiarn,https://www.ysgoltalhaiarn.org.uk/
Ysgol Tan-y-Fron,https://ysgoltanyfron.co.uk/
Ysgol Terrig,https://www.ysgolterrig.org.uk/
Ysgol Tir Morfa,https://www.ysgoltirmorfa.co.uk/
Ysgol Treferthyr,http://www.ysgoltreferthyr.cymru/
Ysgol Treffynnon,https://ysgoltreffynnon.cymru/
Ysgol Trefnant,https://www.ysgoltrefnant.com/
Ysgol Treganna,https://www.ysgoltreganna.cymru/
Ysgol Tregarth,http://ysgoltregarth.org/
Ysgol Tremeirchion,https://ysgoltremeirchion.cymru/
Ysgol Tryfan,http://www.tryfan.cymru/
Ysgol Tudno,http://www.tudno.cymru/
Ysgol Twm o'r Nant,http://www.twmornant.cymru/
Ysgol Ty Coch,https://www.ysgoltycoch.co.uk/
Ysgol Ty Ffynnon,http://tyffynnonprimary.weebly.com/
Ysgol Uwchradd Bodedern,http://www.bodedern.cymru/
Ysgol Uwchradd Caergybi,http://www.caergybi.cymru/
Ysgol Uwchradd Glan Clwyd,http://www.glanclwyd.cymru/
Ysgol Uwchradd Tywyn,http://www.tywyn.cymru/
Ysgol Waunfawr,http://ysgolwaunfawr.cymru/
Ysgol Wirfoddol Penboyr,http://www.penboyr.amdro.org.uk/
Ysgol Y Bedol,https://sites.google.com/hwbcymru.net/ysgol-y-bedol-english/home
Ysgol Y Berllan Deg,https://www.ysgolyberllandeg.cymru/
Ysgol Y Bynea,http://www.bynea.amdro.org.uk
Ysgol Y Castell,https://www.ysgolycastell.org/
Ysgol Y Creuddyn,http://www.creuddyn.cymru/
Ysgol Y Dderwen,http://ysgolydderwen.cymru/
Ysgol Y Deri,http://www.ydderi.ceredigion.sch.uk/
Ysgol Y Faenol,http://www.faenol.cymru/
Ysgol Y Felin,http://www.yfelin.amdro.org.uk/
Ysgol Y Felinheli,http://www.felinheli.cymru/
Ysgol Y Foel Cilcain,https://www.ysgolyfoel.org/
Ysgol Y Foryd,http://www.yforyd.cymru/
Ysgol Y Garreg,http://www.garreg.gwynedd.sch.uk/
Ysgol Y Gelli,https://www.ysgolygelli.cymru/
Ysgol Y Gogarth,http://www.gogarth.cymru/
Ysgol Y Gorlan,http://ysgolygorlan.cymru/
Ysgol Y Graig,http://www.ysgolygraig.cymru/
Ysgol Y Lawnt,https://www.ysgolylawnt.co.uk/
Ysgol Y Llys,https://ysgolyllys.co.uk/
Ysgol Y Moelwyn,https://www.ysgolymoelwyn.cymru/
Ysgol Y Wern,http://www.ysgolywern.co.uk/
Ysgol Yr Esgob C In W,http://ysgolyresgob.co.uk/
Ysgol Yr Hafod,http://www.ysgolyrhafodjohnstown.co.uk/
Ysgol Yr Hendre,https://www.ysgolyrhendre.cymru/
Ysgol y Cribarth,http://www.cribarth.powys.sch.uk/
Ysgol y Ddraig,https://www.ysgolyddraig.co.uk/
Ysgol y Mynydd Du,https://ysgol-y-mynydd-du.j2bloggy.com/
Ysgol y Plas,https://www.ysgolyplas.org.uk/
Ysgol y Waun,https://www.ysgolywaun.co.uk/
Ystruth Primary,https://www.ystruthprimary.co.uk/
